symbol,open_time_ms,open_time_utc,open,high,low,close,volume,close_time_ms,close_time_utc,quote_volume,trades,taker_buy_base_volume,taker_buy_quote_volume
STGUSDT,1779555600000,2026-05-23T17:00:00+00:00,0.16920000,0.17040000,0.16860000,0.16910000,39750.10000000,1779559199999,2026-05-23T17:59:59.999000+00:00,6738.43232000,184,22663.10000000,3845.55383000
STGUSDT,1779559200000,2026-05-23T18:00:00+00:00,0.16910000,0.17020000,0.16900000,0.17020000,31799.60000000,1779562799999,2026-05-23T18:59:59.999000+00:00,5389.41764000,147,24274.10000000,4113.39439000
STGUSDT,1779562800000,2026-05-23T19:00:00+00:00,0.17010000,0.17170000,0.17000000,0.17090000,19250.40000000,1779566399999,2026-05-23T19:59:59.999000+00:00,3294.89410000,74,10906.60000000,1867.66158000
STGUSDT,1779566400000,2026-05-23T20:00:00+00:00,0.17100000,0.17460000,0.17070000,0.17460000,52586.00000000,1779569999999,2026-05-23T20:59:59.999000+00:00,9064.09876000,196,27913.90000000,4821.80205000
STGUSDT,1779570000000,2026-05-23T21:00:00+00:00,0.17440000,0.17510000,0.17280000,0.17310000,73148.50000000,1779573599999,2026-05-23T21:59:59.999000+00:00,12709.76876000,282,33080.10000000,5759.59239000
STGUSDT,1779573600000,2026-05-23T22:00:00+00:00,0.17280000,0.17320000,0.17160000,0.17290000,73176.30000000,1779577199999,2026-05-23T22:59:59.999000+00:00,12642.72702000,216,24796.80000000,4284.98867000
STGUSDT,1779577200000,2026-05-23T23:00:00+00:00,0.17280000,0.17320000,0.17150000,0.17150000,8841.80000000,1779580799999,2026-05-23T23:59:59.999000+00:00,1524.12340000,36,4424.90000000,763.82883000
STGUSDT,1779580800000,2026-05-24T00:00:00+00:00,0.17150000,0.17230000,0.17130000,0.17210000,14572.00000000,1779584399999,2026-05-24T00:59:59.999000+00:00,2502.12282000,66,6322.80000000,1087.21553000
STGUSDT,1779584400000,2026-05-24T01:00:00+00:00,0.17200000,0.17260000,0.17120000,0.17120000,20237.50000000,1779587999999,2026-05-24T01:59:59.999000+00:00,3477.91416000,69,2648.70000000,456.40084000
STGUSDT,1779588000000,2026-05-24T02:00:00+00:00,0.17140000,0.17170000,0.17000000,0.17030000,16683.40000000,1779591599999,2026-05-24T02:59:59.999000+00:00,2848.90809000,48,3642.70000000,621.09562000
STGUSDT,1779591600000,2026-05-24T03:00:00+00:00,0.17070000,0.17160000,0.17030000,0.17140000,19268.40000000,1779595199999,2026-05-24T03:59:59.999000+00:00,3297.01946000,80,16522.70000000,2827.68333000
STGUSDT,1779595200000,2026-05-24T04:00:00+00:00,0.17150000,0.17350000,0.17150000,0.17350000,16728.30000000,1779598799999,2026-05-24T04:59:59.999000+00:00,2883.90567000,72,12712.80000000,2189.62686000
STGUSDT,1779598800000,2026-05-24T05:00:00+00:00,0.17360000,0.17360000,0.17150000,0.17200000,14049.20000000,1779602399999,2026-05-24T05:59:59.999000+00:00,2423.33088000,63,5753.80000000,993.53399000
STGUSDT,1779602400000,2026-05-24T06:00:00+00:00,0.17210000,0.17250000,0.17070000,0.17240000,8698.60000000,1779605999999,2026-05-24T06:59:59.999000+00:00,1490.97575000,53,4048.40000000,694.47146000
STGUSDT,1779606000000,2026-05-24T07:00:00+00:00,0.17270000,0.17320000,0.17190000,0.17200000,3493.00000000,1779609599999,2026-05-24T07:59:59.999000+00:00,602.05976000,26,1828.80000000,314.76477000
STGUSDT,1779609600000,2026-05-24T08:00:00+00:00,0.17160000,0.17310000,0.17140000,0.17210000,10234.40000000,1779613199999,2026-05-24T08:59:59.999000+00:00,1764.08043000,46,4318.50000000,744.04907000
STGUSDT,1779613200000,2026-05-24T09:00:00+00:00,0.17180000,0.17200000,0.17120000,0.17140000,13466.90000000,1779616799999,2026-05-24T09:59:59.999000+00:00,2311.91556000,49,7413.60000000,1272.42052000
STGUSDT,1779616800000,2026-05-24T10:00:00+00:00,0.17120000,0.17150000,0.17040000,0.17070000,17097.50000000,1779620399999,2026-05-24T10:59:59.999000+00:00,2921.63425000,46,8077.60000000,1381.47731000
STGUSDT,1779620400000,2026-05-24T11:00:00+00:00,0.17080000,0.17140000,0.17050000,0.17080000,8658.60000000,1779623999999,2026-05-24T11:59:59.999000+00:00,1478.28426000,51,7489.40000000,1278.25906000
STGUSDT,1779624000000,2026-05-24T12:00:00+00:00,0.17080000,0.17190000,0.17080000,0.17080000,9363.20000000,1779627599999,2026-05-24T12:59:59.999000+00:00,1605.10220000,73,6328.10000000,1085.14251000
STGUSDT,1779627600000,2026-05-24T13:00:00+00:00,0.17140000,0.17140000,0.16820000,0.16880000,58442.30000000,1779631199999,2026-05-24T13:59:59.999000+00:00,9899.08910000,239,21271.40000000,3601.05662000
STGUSDT,1779631200000,2026-05-24T14:00:00+00:00,0.16880000,0.16880000,0.16580000,0.16800000,60719.50000000,1779634799999,2026-05-24T14:59:59.999000+00:00,10175.57462000,187,37949.50000000,6356.05694000
STGUSDT,1779634800000,2026-05-24T15:00:00+00:00,0.16820000,0.16850000,0.16700000,0.16700000,29016.80000000,1779638399999,2026-05-24T15:59:59.999000+00:00,4870.65904000,77,18424.70000000,3096.18744000
STGUSDT,1779638400000,2026-05-24T16:00:00+00:00,0.16700000,0.16860000,0.16600000,0.16620000,62970.60000000,1779641999999,2026-05-24T16:59:59.999000+00:00,10514.68771000,220,9170.40000000,1537.66257000
STGUSDT,1779642000000,2026-05-24T17:00:00+00:00,0.16630000,0.16680000,0.16590000,0.16640000,105497.30000000,1779645599999,2026-05-24T17:59:59.999000+00:00,17544.89944000,378,52730.30000000,8771.53839000
STGUSDT,1779645600000,2026-05-24T18:00:00+00:00,0.16630000,0.16700000,0.16620000,0.16630000,8397.60000000,1779649199999,2026-05-24T18:59:59.999000+00:00,1398.94119000,33,6255STG,STGUSDT
STGUSDT,1779652800000,2026-05-24T20:00:00+00:00,0.16670000,0.16770000,0.16650000,0.16680000,21051.60000000,1779656399999,2026-05-24T20:59:59.999000+00:00,3516.42169000,84,14393.00000000,2403.74715000
STGUSDT,1779656400000,2026-05-24T21:00:00+00:00,0.16670000,0.16680000,0.16380000,0.16420000,29531.60000000,1779659999999,2026-05-24T21:59:59.999000+00:00,4876.06639000,143,5612.40000000,921.53618000
STGUSDT,1779660000000,2026-05-24T22:00:00+00:00,0.16410000,0.16690000,0.16370000,0.16600000,21779.50000000,1779663599999,2026-05-24T22:59:59.999000+00:00,3600.88147000,106,4670.90000000,771.95001000
STGUSDT,1779663600000,2026-05-24T23:00:00+00:00,0.16630000,0.16660000,0.16590000,0.16650000,5282.80000000,1779667199999,2026-05-24T23:59:59.999000+00:00,877.83021000,26,2604.80000000,432.69104000
STGUSDT,1779667200000,2026-05-25T00:00:00+00:00,0.16670000,0.16810000,0.16670000,0.16810000,11870.20000000,1779670799999,2026-05-25T00:59:59.999000+00:00,1989.63375000,31,9948.40000000,1667.20168000
STGUSDT,1779670800000,2026-05-25T01:00:00+00:00,0.16770000,0.16780000,0.16710000,0.16720000,7306.60000000,1779674399999,2026-05-25T01:59:59.999000+00:00,1223.79490000,62,2173.00000000,363.91789000
STGUSDT,1779674400000,2026-05-25T02:00:00+00:00,0.16670000,0.16770000,0.16670000,0.16710000,7143.00000000,1779677999999,2026-05-25T02:59:59.999000+00:00,1193.46782000,42,2567.90000000,429.27698000
STGUSDT,1779678000000,2026-05-25T03:00:00+00:00,0.16690000,0.16710000,0.16640000,0.16710000,3960.70000000,1779681599999,2026-05-25T03:59:59.999000+00:00,659.96088000,18,1023.60000000,170.63292000
STGUSDT,1779681600000,2026-05-25T04:00:00+00:00,0.16680000,0.16890000,0.16660000,0.16880000,8943.10000000,1779685199999,2026-05-25T04:59:59.999000+00:00,1502.24347000,37,6529.10000000,1095.38319000
STGUSDT,1779685200000,2026-05-25T05:00:00+00:00,0.16900000,0.16940000,0.16820000,0.16820000,18840.80000000,1779688799999,2026-05-25T05:59:59.999000+00:00,3182.09882000,88,4005.80000000,677.25900000
STGUSDT,1779688800000,2026-05-25T06:00:00+00:00,0.16850000,0.16910000,0.16810000,0.16880000,18641.40000000,1779692399999,2026-05-25T06:59:59.999000+00:00,3145.32753000,117,9644.30000000,1626.82838000
STGUSDT,1779692400000,2026-05-25T07:00:00+00:00,0.16880000,0.16910000,0.16770000,0.16830000,15963.60000000,1779695999999,2026-05-25T07:59:59.999000+00:00,2686.44813000,91,7085.10000000,1193.45628000
STGUSDT,1779696000000,2026-05-25T08:00:00+00:00,0.16820000,0.16880000,0.16780000,0.16880000,18131.10000000,1779699599999,2026-05-25T08:59:59.999000+00:00,3048.80094000,69,15158.70000000,2549.45132000
STGUSDT,1779699600000,2026-05-25T09:00:00+00:00,0.16840000,0.16940000,0.16840000,0.16900000,36997.70000000,1779703199999,2026-05-25T09:59:59.999000+00:00,6249.95429000,104,4795.20000000,810.41569000
STGUSDT,1779703200000,2026-05-25T10:00:00+00:00,0.16900000,0.16930000,0.16870000,0.16900000,20428.60000000,1779706799999,2026-05-25T10:59:59.999000+00:00,3453.29833000,82,1934.50000000,326.88224000
STGUSDT,1779706800000,2026-05-25T11:00:00+00:00,0.16900000,0.16960000,0.16860000,0.16930000,8703.00000000,1779710399999,2026-05-25T11:59:59.999000+00:00,1473.04553000,59,1061.50000000,179.53186000
STGUSDT,1779710400000,2026-05-25T12:00:00+00:00,0.16850000,0.16880000,0.16770000,0.16820000,38778.30000000,1779713999999,2026-05-25T12:59:59.999000+00:00,6521.45530000,85,9888.40000000,1667.70952000
STGUSDT,1779714000000,2026-05-25T13:00:00+00:00,0.16800000,0.17000000,0.16780000,0.16980000,67691.30000000,1779717599999,2026-05-25T13:59:59.999000+00:00,11445.49347000,205,54267.90000000,9179.57634000
STGUSDT,1779717600000,2026-05-25T14:00:00+00:00,0.16960000,0.16980000,0.16930000,0.16940000,12866.60000000,1779721199999,2026-05-25T14:59:59.999000+00:00,2181.04184000,82,5274.10000000,894.35257000
STGUSDT,1779721200000,2026-05-25T15:00:00+00:00,0.16940000,0.16970000,0.16750000,0.16780000,46404.20000000,1779724799999,2026-05-25T15:59:59.999000+00:00,7812.86274000,150,17503.30000000,2943.76812000
STGUSDT,1779724800000,2026-05-25T16:00:00+00:00,0.16800000,0.16810000,0.16660000,0.16760000,75991.80000000,1779728399999,2026-05-25T16:59:59.999000+00:00,12729.68823000,174,28112.20000000,4713.57223000
STGUSDT,1779728400000,2026-05-25T17:00:00+00:00,0.16790000,0.16810000,0.16680000,0.16690000,32963.20000000,1779731999999,2026-05-25T17:59:59.999000+00:00,5520.92876000,111,15363.60000000,2572.77168000
STGUSDT,1779732000000,2026-05-25T18:00:00+00:00,0.16700000,0.16780000,0.16660000,0.16690000,58718.00000000,1779735599999,2026-05-25T18:59:59.999000+00:00,9821.49428000,145,27299.60000000,4568.60007000
STGUSDT,1779735600000,2026-05-25T19:00:00+00:00,0.16690000,0.16740000,0.16650000,0.16740000,16157.60000000,1779739199999,2026-05-25T19:59:59.999000+00:00,2697.88459000,94,9307.80000000,1554.63256000
STGUSDT,1779739200000,2026-05-25T20:00:00+00:00,0.16750000,0.16900000,0.16750000,0.16760000,80538.10000000,1779742799999,2026-05-25T20:59:59.999000+00:00,13531.28608000,339,38293.30000000,6433.58016000
STGUSDT,1779742800000,2026-05-25T21:00:00+00:00,0.16760000,0.16780000,0.16640000,0.16660000,58211.50000000,1779746399999,2026-05-25T21:59:59.999000+00:00,9732.66182000,204,20111.60000000,3360.66844000
STGUSDT,1779746400000,2026-05-25T22:00:00+00:00,0.16650000,0.16690000,0.16510000,0.16590000,52022.70000000,1779749999999,2026-05-25T22:59:59.999000+00:00,8632.93859000,170,28511.10000000,4735.65183000
STGUSDT,1779750000000,2026-05-25T23:00:00+00:00,0.16580000,0.16710000,0.16580000,0.16660000,13495.10000000,1779753599999,2026-05-25T23:59:59.999000+00:00,2248.00215000,87,7951.50000000,1324.57409000
STGUSDT,1779753600000,2026-05-26T00:00:00+00:00,0.16640000,0.16910000,0.16540000,0.16620000,245110.20000000,1779757199999,2026-05-26T00:59:59.999000+00:00,40894.89581000,728,154397.20000000,25769.75154000
STGUSDT,1779757200000,2026-05-26T01:00:00+00:00,0.16620000,0.16750000,0.16530000,0.16710000,53640.80000000,1779760799999,2026-05-26T01:59:59.999000+00:00,8901.93102000,203,41189.30000000,6834.09744000
STGUSDT,1779760800000,2026-05-26T02:00:00+00:00,0.16660000,0.16670000,0.16550000,0.16620000,23225.10000000,1779764399999,2026-05-26T02:59:59.999000+00:00,3851.37411000,48,6239.80000000,1036.63714000
STGUSDT,1779764400000,2026-05-26T03:00:00+00:00,0.16630000,0.16630000,0.16540000,0.16610000,6820.70000000,1779767999999,2026-05-26T03:59:59.999000+00:00,1132.92893000,23,3176.60000000,527.53887000
STGUSDT,1779768000000,2026-05-26T04:00:00+00:00,0.16600000,0.16680000,0.16600000,0.16640000,16393.60000000,1779771599999,2026-05-26T04:59:59.999000+00:00,2728.43702000,48,15641.90000000,2603.53692000
STGUSDT,1779771600000,2026-05-26T05:00:00+00:00,0.16650000,0.16690000,0.16580000,0.16600000,7993.10000000,1779775199999,2026-05-26T05:59:59.999000+00:00,1330.31327000,22,5208.70000000,867.81389000
STGUSDT,1779775200000,2026-05-26T06:00:00+00:00,0.16600000,0.16660000,0.16580000,0.16640000,15417.00000000,1779778799999,2026-05-26T06:59:59.999000+00:00,2561.61888000,65,5078.90000000,844.56935000
STGUSDT,1779778800000,2026-05-26T07:00:00+00:00,0.16630000,0.16630000,0.16530000,0.16560000,18617.20000000,1779782399999,2026-05-26T07:59:59.999000+00:00,3084.00129000,51,3367.70000000,558.50916000
STGUSDT,1779782400000,2026-05-26T08:00:00+00:00,0.16580000,0.16680000,0.16570000,0.16570000,77196.00000000,1779785999999,2026-05-26T08:59:59.999000+00:00,12829.29866000,213,31090.40000000,5165.69663000
STGUSDT,1779786000000,2026-05-26T09:00:00+00:00,0.16580000,0.16620000,0.16540000,0.16580000,12726.20000000,1779789599999,2026-05-26T09:59:59.999000+00:00,2109.58332000,26,7359.90000000,1221.37067000
STGUSDT,1779789600000,2026-05-26T10:00:00+00:00,0.16580000,0.16740000,0.16570000,0.16730000,10371.90000000,1779793199999,2026-05-26T10:59:59.999000+00:00,1727.54720000,50,5215.80000000,868.62571000
STGUSDT,1779793200000,2026-05-26T11:00:00+00:00,0.16750000,0.16750000,0.16590000,0.16620000,14744.30000000,1779796799999,2026-05-26T11:59:59.999000+00:00,2456.61666000,29,3283.50000000,546.36308000
STGUSDT,1779796800000,2026-05-26T12:00:00+00:00,0.16600000,0.16670000,0.16520000,0.16630000,25454.80000000,1779800399999,2026-05-26T12:59:59.999000+00:00,4229.58864000,92,17141.00000000,2850.90935000
STGUSDT,1779800400000,2026-05-26T13:00:00+00:00,0.16680000,0.16680000,0.16550000,0.16630000,19284.20000000,1779803999999,2026-05-26T13:59:59.999000+00:00,3202.79657000,120,11583.40000000,1922.48471000
STGUSDT,1779804000000,2026-05-26T14:00:00+00:00,0.16630000,0.16650000,0.16560000,0.16590000,29916.90000000,1779807599999,2026-05-26T14:59:59.999000+00:00,4966.83364000,211,12991.80000000,2156.97227000
STGUSDT,1779807600000,2026-05-26T15:00:00+00:00,0.16600000,0.16610000,0.16510000,0.16510000,18801.00000000,1779811199999,2026-05-26T15:59:59.999000+00:00,3117.71354000,117,11707.40000000,1941.87756000
STGUSDT,1779811200000,2026-05-26T16:00:00+00:00,0.16540000,0.16540000,0.16220000,0.16250000,84390.30000000,1779814799999,2026-05-26T16:59:59.999000+00:00,13811.39728000,293,41207.00000000,6740.66479000
STGUSDT,1779814800000,2026-05-26T17:00:00+00:00,0.16280000,0.16290000,0.16080000,0.16140000,46749.60000000,1779818399999,2026-05-26T17:59:59.999000+00:00,7556.42560000,374,26406.50000000,4269.49110000
STGUSDT,1779818400000,2026-05-26T18:00:00+00:00,0.16070000,0.16120000,0.15780000,0.15950000,112019.30000000,1779821999999,2026-05-26T18:59:59.999000+00:00,17814.51128000,453,44648.80000000,7109.47343000
STGUSDT,1779822000000,2026-05-26T19:00:00+00:00,0.15950000,0.15950000,0.15800000,0.15900000,43940.00000000,1779825599999,2026-05-26T19:59:59.999000+00:00,6974.13842000,139,32109.80000000,5095.73705000
STGUSDT,1779825600000,2026-05-26T20:00:00+00:00,0.15900000,0.15910000,0.15790000,0.15880000,39631.50000000,1779829199999,2026-05-26T20:59:59.999000+00:00,6277.40626000,156,23244.90000000,3680.64446000
STGUSDT,1779829200000,2026-05-26T21:00:00+00:00,0.15900000,0.16230000,0.15900000,0.16130000,73251.30000000,1779832799999,2026-05-26T21:59:59.999000+00:00,11773.13360000,322,59913.10000000,9626.25079000
STGUSDT,1779832800000,2026-05-26T22:00:00+00:00,0.16140000,0.16220000,0.15990000,0.16020000,71164.50000000,1779836399999,2026-05-26T22:59:59.999000+00:00,11437.82125000,195,27299.00000000,4386.18127000
STGUSDT,1779836400000,2026-05-26T23:00:00+00:00,0.16070000,0.16170000,0.16070000,0.16110000,17833.60000000,1779839999999,2026-05-26T23:59:59.999000+00:00,2875.55235000,46,15596.70000000,2515.28363000
STGUSDT,1779840000000,2026-05-27T00:00:00+00:00,0.16120000,0.16320000,0.16110000,0.16320000,17797.00000000,1779843599999,2026-05-27T00:59:59.999000+00:00,2884.62963000,73,14251.00000000,2310.45404000
STGUSDT,1779843600000,2026-05-27T01:00:00+00:00,0.16310000,0.16410000,0.16240000,0.16300000,54674.30000000,1779847199999,2026-05-27T01:59:59.999000+00:00,8916.34134000,137,38434.30000000,6266.35196000
STGUSDT,1779847200000,2026-05-27T02:00:00+00:00,0.16310000,0.16320000,0.16180000,0.16220000,12318.80000000,1779850799999,2026-05-27T02:59:59.999000+00:00,2001.84870000,79,3039.30000000,493.99251000
STGUSDT,1779850800000,2026-05-27T03:00:00+00:00,0.16230000,0.16340000,0.16230000,0.16260000,6634.70000000,1779854399999,2026-05-27T03:59:59.999000+00:00,1079.49069000,23,4679.40000000,761.27164000
STGUSDT,1779854400000,2026-05-27T04:00:00+00:00,0.16280000,0.16340000,0.16200000,0.16340000,10403.20000000,1779857999999,2026-05-27T04:59:59.999000+00:00,1692.58376000,38,3857.00000000,626.99834000
STGUSDT,1779858000000,2026-05-27T05:00:00+00:00,0.16340000,0.16480000,0.16320000,0.16370000,29277.60000000,1779861599999,2026-05-27T05:59:59.999000+00:00,4799.84429000,91,19727.10000000,3235.79825000
STGUSDT,1779861600000,2026-05-27T06:00:00+00:00,0.16370000,0.16450000,0.16330000,0.16340000,27035.40000000,1779865199999,2026-05-27T06:59:59.999000+00:00,4427.98814000,217,16318.20000000,2673.53333000
STGUSDT,1779865200000,2026-05-27T07:00:00+00:00,0.16350000,0.16370000,0.16230000,0.16280000,57385.80000000,1779868799999,2026-05-27T07:59:59.999000+00:00,9344.43675000,246,40827.80000000,6650.12404000
STGUSDT,1779868800000,2026-05-27T08:00:00+00:00,0.16280000,0.16280000,0.16100000,0.16160000,68584.80000000,1779872399999,2026-05-27T08:59:59.999000+00:00,11090.81682000,182,31649.60000000,5116.28683000
STGUSDT,1779872400000,2026-05-27T09:00:00+00:00,0.16130000,0.16270000,0.16080000,0.16260000,82325.10000000,1779875999999,2026-05-27T09:59:59.999000+00:00,13299.86807000,154,36381.00000000,5885.90783000
STGUSDT,1779876000000,2026-05-27T10:00:00+00:00,0.16250000,0.16310000,0.16200000,0.16240000,16505.70000000,1779879599999,2026-05-27T10:59:59.999000+00:00,2683.67268000,65,2596.30000000,422.07886000
STGUSDT,1779879600000,2026-05-27T11:00:00+00:00,0.16240000,0.16290000,0.16160000,0.16160000,11528.10000000,1779883199999,2026-05-27T11:59:59.999000+00:00,1867.82167000,79,2656.10000000,429.64828000
STGUSDT,1779883200000,2026-05-27T12:00:00+00:00,0.16160000,0.16470000,0.16150000,0.16390000,49732.20000000,1779886799999,2026-05-27T12:59:59.999000+00:00,8130.16244000,116,30774.40000000,5033.77655000
STGUSDT,1779886800000,2026-05-27T13:00:00+00:00,0.16350000,0.16360000,0.16150000,0.16340000,17233.20000000,1779890399999,2026-05-27T13:59:59.999000+00:00,2804.58138000,57,8817.40000000,1434.15433000
STGUSDT,1779890400000,2026-05-27T14:00:00+00:00,0.16340000,0.16590000,0.16340000,0.16590000,55183.20000000,1779893999999,2026-05-27T14:59:59.999000+00:00,9057.58199000,161,23607.90000000,3874.11236000
STGUSDT,1779894000000,2026-05-27T15:00:00+00:00,0.16570000,0.16870000,0.16500000,0.16670000,63476.60000000,1779897599999,2026-05-27T15:59:59.999000+00:00,10605.79555000,300,30847.50000000,5152.39548000
STGUSDT,1779897600000,2026-05-27T16:00:00+00:00,0.16710000,0.17010000,0.16700000,0.16750000,161470.80000000,1779901199999,2026-05-27T16:59:59.999000+00:00,27209.03397000,759,85047.70000000,14318.82217000
STGUSDT,1779901200000,2026-05-27T17:00:00+00:00,0.16750000,0.16750000,0.16490000,0.16590000,34710.20000000,1779904799999,2026-05-27T17:59:59.999000+00:00,5752.40461000,146,18285.10000000,3034.67570000
STGUSDT,1779904800000,2026-05-27T18:00:00+00:00,0.16600000,0.16700000,0.16500000,0.16690000,41555.00000000,1779908399999,2026-05-27T18:59:59.999000+00:00,6915.15717000,152,22164.70000000,3685.71342000
STGUSDT,1779908400000,2026-05-27T19:00:00+00:00,0.16660000,0.16660000,0.16560000,0.16560000,15240.50000000,1779911999999,2026-05-27T19:59:59.999000+00:00,2528.82496000,73,5826.80000000,967.69560000
STGUSDT,1779912000000,2026-05-27T20:00:00+00:00,0.16580000,0.16710000,0.16560000,0.16600000,39157.40000000,1779915599999,2026-05-27T20:59:59.999000+00:00,6505.26554000,210,5982.10000000,994.25199000
STGUSDT,1779915600000,2026-05-27T21:00:00+00:00,0.16610000,0.16640000,0.16330000,0.16330000,34866.70000000,1779919199999,2026-05-27T21:59:59.999000+00:00,5748.03115000,167,22863.80000000,3767.66215000
STGUSDT,1779919200000,2026-05-27T22:00:00+00:00,0.16350000,0.16580000,0.16350000,0.16520000,54677.20000000,1779922799999,2026-05-27T22:59:59.999000+00:00,9010.20974000,334,26390.30000000,4343.16682000
STGUSDT,1779922800000,2026-05-27T23:00:00+00:00,0.16520000,0.16670000,0.16480000,0.16670000,28114.40000000,1779926399999,2026-05-27T23:59:59.999000+00:00,4666.97445000,116,20687.80000000,3437.69077000
STGUSDT,1779926400000,2026-05-28T00:00:00+00:00,0.16620000,0.16770000,0.16560000,0.16640000,59786.60000000,1779929999999,2026-05-28T00:59:59.999000+00:00,9968.41036000,181,39781.20000000,6635.22978000
STGUSDT,1779930000000,2026-05-28T01:00:00+00:00,0.16650000,0.16730000,0.16580000,0.16610000,25986.80000000,1779933599999,2026-05-28T01:59:59.999000+00:00,4338.02054000,64,19501.00000000,3257.49673000
STGUSDT,1779933600000,2026-05-28T02:00:00+00:00,0.16630000,0.16780000,0.16630000,0.16760000,45091.50000000,1779937199999,2026-05-28T02:59:59.999000+00:00,7539.25333000,137,26846.30000000,4487.07460000
STGUSDT,1779937200000,2026-05-28T03:00:00+00:00,0.16770000,0.16770000,0.16480000,0.16490000,39748.80000000,1779940799999,2026-05-28T03:59:59.999000+00:00,6589.24820000,129,16716.30000000,2773.46710000
STGUSDT,1779940800000,2026-05-28T04:00:00+00:00,0.16530000,0.16550000,0.16230000,0.16300000,51213.30000000,1779944399999,2026-05-28T04:59:59.999000+00:00,8398.42958000,203,36354.30000000,5959.29817000
STGUSDT,1779944400000,2026-05-28T05:00:00+00:00,0.16330000,0.16360000,0.16090000,0.16210000,60642.20000000,1779947999999,2026-05-28T05:59:59.999000+00:00,9812.70643000,191,18995.10000000,3076.80451000
STGUSDT,1779948000000,2026-05-28T06:00:00+00:00,0.16220000,0.16220000,0.16000000,0.16130000,28471.10000000,1779951599999,2026-05-28T06:59:59.999000+00:00,4574.68223000,142,14696.40000000,2363.38157000
STGUSDT,1779951600000,2026-05-28T07:00:00+00:00,0.16140000,0.16250000,0.16030000,0.16050000,137455.90000000,1779955199999,2026-05-28T07:59:59.999000+00:00,22175.42913000,348,54369.50000000,8770.34206000
STGUSDT,1779955200000,2026-05-28T08:00:00+00:00,0.16060000,0.16070000,0.15870000,0.15870000,51803.20000000,1779958799999,2026-05-28T08:59:59.999000+00:00,8269.41586000,87,26158.70000000,4175.22607000
STGUSDT,1779958800000,2026-05-28T09:00:00+00:00,0.15860000,0.15880000,0.15680000,0.15790000,78161.10000000,1779962399999,2026-05-28T09:59:59.999000+00:00,12324.76749000,188,42492.70000000,6706.73587000
STGUSDT,1779962400000,2026-05-28T10:00:00+00:00,0.15810000,0.15900000,0.15700000,0.15800000,97086.60000000,1779965999999,2026-05-28T10:59:59.999000+00:00,15319.51259000,283,54234.70000000,8558.12326000
STGUSDT,1779966000000,2026-05-28T11:00:00+00:00,0.15770000,0.15840000,0.15530000,0.15630000,124267.20000000,1779969599999,2026-05-28T11:59:59.999000+00:00,19534.69951000,601,45381.80000000,7140.34875000
STGUSDT,1779969600000,2026-05-28T12:00:00+00:00,0.15640000,0.15650000,0.15380000,0.15430000,439447.10000000,1779973199999,2026-05-28T12:59:59.999000+00:00,67885.99286000,441,323553.60000000,49956.17690000
STGUSDT,1779973200000,2026-05-28T13:00:00+00:00,0.15430000,0.15500000,0.15030000,0.15120000,172783.40000000,1779976799999,2026-05-28T13:59:59.999000+00:00,26364.24800000,357,61697.40000000,9422.73847000
STGUSDT,1779976800000,2026-05-28T14:00:00+00:00,0.15150000,0.15340000,0.14940000,0.15280000,167137.30000000,1779980399999,2026-05-28T14:59:59.999000+00:00,25231.43919000,483,74463.80000000,11261.08442000
STGUSDT,1779980400000,2026-05-28T15:00:00+00:00,0.15290000,0.15290000,0.15190000,0.15240000,45826.10000000,1779983999999,2026-05-28T15:59:59.999000+00:00,6977.75842000,190,28921.80000000,4402.18848000
STGUSDT,1779984000000,2026-05-28T16:00:00+00:00,0.15240000,0.15280000,0.15100000,0.15260000,27909.70000000,1779987599999,2026-05-28T16:59:59.999000+00:00,4239.41986000,138,10579.50000000,1610.67672000
STGUSDT,1779987600000,2026-05-28T17:00:00+00:00,0.15260000,0.15380000,0.15240000,0.15320000,15269.90000000,1779991199999,2026-05-28T17:59:59.999000+00:00,2334.58606000,56,8543.30000000,1305.56023000
STGUSDT,1779991200000,2026-05-28T18:00:00+00:00,0.15300000,0.15430000,0.15300000,0.15300000,24994.10000000,1779994799999,2026-05-28T18:59:59.999000+00:00,3836.89666000,115,3515.30000000,540.73714000
STGUSDT,1779994800000,2026-05-28T19:00:00+00:00,0.15310000,0.15320000,0.15170000,0.15180000,36215.10000000,1779998399999,2026-05-28T19:59:59.999000+00:00,5506.83854000,61,15921.40000000,2419.17203000
STGUSDT,1779998400000,2026-05-28T20:00:00+00:00,0.15200000,0.15340000,0.15200000,0.15310000,41457.60000000,1780001999999,2026-05-28T20:59:59.999000+00:00,6329.35872000,115,32986.10000000,5037.39456000
STGUSDT,1780002000000,2026-05-28T21:00:00+00:00,0.15310000,0.15390000,0.15310000,0.15350000,15745.20000000,1780005599999,2026-05-28T21:59:59.999000+00:00,2414.34238000,81,2140.70000000,328.63166000
STGUSDT,1780005600000,2026-05-28T22:00:00+00:00,0.15350000,0.15350000,0.15030000,0.15050000,82397.50000000,1780009199999,2026-05-28T22:59:59.999000+00:00,12472.79325000,217,19892.70000000,3021.34950000
STGUSDT,1780009200000,2026-05-28T23:00:00+00:00,0.15030000,0.15150000,0.15030000,0.15070000,22796.40000000,1780012799999,2026-05-28T23:59:59.999000+00:00,3448.02644000,29,22076.40000000,3339.57808000
STGUSDT,1780012800000,2026-05-29T00:00:00+00:00,0.15080000,0.15310000,0.15080000,0.15230000,26513.00000000,1780016399999,2026-05-29T00:59:59.999000+00:00,4035.08783000,79,17025.30000000,2586.74441000
STGUSDT,1780016400000,2026-05-29T01:00:00+00:00,0.15240000,0.15370000,0.15160000,0.15180000,66292.60000000,1780019999999,2026-05-29T01:59:59.999000+00:00,10128.04730000,115,24611.10000000,3757.82338000
STGUSDT,1780020000000,2026-05-29T02:00:00+00:00,0.15230000,0.15540000,0.15220000,0.15510000,160252.00000000,1780023599999,2026-05-29T02:59:59.999000+00:00,24705.15150000,392,116243.70000000,17925.64522000
STGUSDT,1780023600000,2026-05-29T03:00:00+00:00,0.15520000,0.15780000,0.15480000,0.15760000,159465.40000000,1780027199999,2026-05-29T03:59:59.999000+00:00,24943.41815000,495,107045.80000000,16737.27952000
STGUSDT,1780027200000,2026-05-29T04:00:00+00:00,0.15760000,0.16290000,0.15720000,0.16210000,287228.20000000,1780030799999,2026-05-29T04:59:59.999000+00:00,46141.29698000,901,193127.90000000,30955.45768000
STGUSDT,1780030800000,2026-05-29T05:00:00+00:00,0.16250000,0.16350000,0.15850000,0.16030000,449281.90000000,1780034399999,2026-05-29T05:59:59.999000+00:00,72370.46637000,1602,227004.70000000,36511.13385000
STGUSDT,1780034400000,2026-05-29T06:00:00+00:00,0.16040000,0.16140000,0.15610000,0.15650000,505716.80000000,1780037999999,2026-05-29T06:59:59.999000+00:00,80354.01932000,1801,233904.20000000,37245.33097000
STGUSDT,1780038000000,2026-05-29T07:00:00+00:00,0.15670000,0.15890000,0.15530000,0.15730000,255608.40000000,1780041599999,2026-05-29T07:59:59.999000+00:00,40105.69603000,743,166953.30000000,26186.22047000
STGUSDT,1780041600000,2026-05-29T08:00:00+00:00,0.15740000,0.16320000,0.15710000,0.16270000,153191.30000000,1780045199999,2026-05-29T08:59:59.999000+00:00,24490.05284000,493,103330.20000000,16527.64778000
STGUSDT,1780045200000,2026-05-29T09:00:00+00:00,0.16300000,0.16920000,0.16300000,0.16920000,181908.30000000,1780048799999,2026-05-29T09:59:59.999000+00:00,30189.16792000,673,112589.60000000,18690.56123000
STGUSDT,1780048800000,2026-05-29T10:00:00+00:00,0.16900000,0.17060000,0.16720000,0.16770000,313659.80000000,1780052399999,2026-05-29T10:59:59.999000+00:00,53113.81491000,960,162441.90000000,27537.14885000
STGUSDT,1780052400000,2026-05-29T11:00:00+00:00,0.16810000,0.17530000,0.16710000,0.17500000,455550.40000000,1780055999999,2026-05-29T11:59:59.999000+00:00,78625.96679000,1110,270051.50000000,46585.90210000
STGUSDT,1780056000000,2026-05-29T12:00:00+00:00,0.17510000,0.17740000,0.16800000,0.16870000,665366.10000000,1780059599999,2026-05-29T12:59:59.999000+00:00,115404.99933000,1511,344315.40000000,59751.66842000
STGUSDT,1780059600000,2026-05-29T13:00:00+00:00,0.16870000,0.17130000,0.16750000,0.17030000,369249.30000000,1780063199999,2026-05-29T13:59:59.999000+00:00,62443.51335000,883,238321.10000000,40279.48008000
STGUSDT,1780063200000,2026-05-29T14:00:00+00:00,0.17040000,0.17140000,0.16730000,0.17050000,741618.80000000,1780066799999,2026-05-29T14:59:59.999000+00:00,125681.97790000,1885,399158.60000000,67676.09920000
STGUSDT,1780066800000,2026-05-29T15:00:00+00:00,0.17100000,0.17410000,0.16850000,0.16880000,524965.30000000,1780070399999,2026-05-29T15:59:59.999000+00:00,90330.65910000,1961,272846.00000000,46932.26132000
STGUSDT,1780070400000,2026-05-29T16:00:00+00:00,0.16850000,0.17450000,0.16840000,0.17370000,534917.80000000,1780073999999,2026-05-29T16:59:59.999000+00:00,92194.41064000,1444,318505.10000000,54915.99745000
STGUSDT,1780074000000,2026-05-29T17:00:00+00:00,0.17370000,0.17440000,0.17070000,0.17260000,310821.80000000,1780077599999,2026-05-29T17:59:59.999000+00:00,53675.96346000,1042,163351.90000000,28204.73982000
STGUSDT,1780077600000,2026-05-29T18:00:00+00:00,0.17280000,0.17600000,0.17120000,0.17340000,536698.90000000,1780081199999,2026-05-29T18:59:59.999000+00:00,93228.36904000,1827,284015.20000000,49296.64349000
STGUSDT,1780081200000,2026-05-29T19:00:00+00:00,0.17340000,0.18000000,0.17280000,0.17860000,1175101.30000000,1780084799999,2026-05-29T19:59:59.999000+00:00,208849.64708000,2257,638433.00000000,113396.03487000
STGUSDT,1780084800000,2026-05-29T20:00:00+00:00,0.17870000,0.18100000,0.17610000,0.17990000,862002.60000000,1780088399999,2026-05-29T20:59:59.999000+00:00,153971.92648000,2378,550589.00000000,98323.44917000
STGUSDT,1780088400000,2026-05-29T21:00:00+00:00,0.18010000,0.18160000,0.17310000,0.17480000,902405.20000000,1780091999999,2026-05-29T21:59:59.999000+00:00,160330.64614000,2653,465194.20000000,82712.12711000
STGUSDT,1780092000000,2026-05-29T22:00:00+00:00,0.17480000,0.18100000,0.17450000,0.17940000,384266.80000000,1780095599999,2026-05-29T22:59:59.999000+00:00,68702.43737000,1303,209423.80000000,37405.64658000
STGUSDT,1780095600000,2026-05-29T23:00:00+00:00,0.17960000,0.17960000,0.17590000,0.17800000,276547.30000000,1780099199999,2026-05-29T23:59:59.999000+00:00,48985.84963000,1029,158925.30000000,28160.40644000
STGUSDT,1780099200000,2026-05-30T00:00:00+00:00,0.17800000,0.18270000,0.17670000,0.18130000,482958.30000000,1780102799999,2026-05-30T00:59:59.999000+00:00,86777.64688000,1540,231129.10000000,41550.71923000
STGUSDT,1780102800000,2026-05-30T01:00:00+00:00,0.18140000,0.18320000,0.17780000,0.18260000,442937.30000000,1780106399999,2026-05-30T01:59:59.999000+00:00,80203.10281000,1796,216935.20000000,39264.50879000
STGUSDT,1780106400000,2026-05-30T02:00:00+00:00,0.18260000,0.18410000,0.17520000,0.18100000,732976.50000000,1780109999999,2026-05-30T02:59:59.999000+00:00,132192.55055000,2920,382908.10000000,68982.23990000
STGUSDT,1780110000000,2026-05-30T03:00:00+00:00,0.18100000,0.18100000,0.17430000,0.17590000,347403.70000000,1780113599999,2026-05-30T03:59:59.999000+00:00,61433.98435000,775,142505.60000000,25171.86563000
STGUSDT,1780113600000,2026-05-30T04:00:00+00:00,0.17570000,0.17790000,0.17460000,0.17600000,189908.70000000,1780117199999,2026-05-30T04:59:59.999000+00:00,33429.55336000,473,95078.70000000,16740.48323000
STGUSDT,1780117200000,2026-05-30T05:00:00+00:00,0.17580000,0.18330000,0.17550000,0.18310000,505270.00000000,1780120799999,2026-05-30T05:59:59.999000+00:00,90995.46803000,2441,344575.00000000,62067.20460000
STGUSDT,1780120800000,2026-05-30T06:00:00+00:00,0.18340000,0.18770000,0.18100000,0.18670000,975545.40000000,1780124399999,2026-05-30T06:59:59.999000+00:00,180265.07614000,3304,561702.40000000,103902.88043000
STGUSDT,1780124400000,2026-05-30T07:00:00+00:00,0.18640000,0.19190000,0.18440000,0.19150000,1246622.00000000,1780127999999,2026-05-30T07:59:59.999000+00:00,235049.76405000,4924,762173.10000000,143717.06132000
STGUSDT,1780128000000,2026-05-30T08:00:00+00:00,0.19140000,0.20170000,0.19080000,0.20060000,2097540.00000000,1780131599999,2026-05-30T08:59:59.999000+00:00,411976.13274000,9021,1204997.60000000,236738.25670000
STGUSDT,1780131600000,2026-05-30T09:00:00+00:00,0.20020000,0.20590000,0.19620000,0.20270000,1439240.50000000,1780135199999,2026-05-30T09:59:59.999000+00:00,289526.79716000,4923,817424.90000000,164580.55814000
STGUSDT,1780135200000,2026-05-30T10:00:00+00:00,0.20280000,0.20770000,0.19640000,0.20480000,1748042.20000000,1780138799999,2026-05-30T10:59:59.999000+00:00,355068.70673000,4206,1056416.30000000,214469.86110000
STGUSDT,1780138800000,2026-05-30T11:00:00+00:00,0.20500000,0.21550000,0.20460000,0.21380000,3125741.00000000,1780142399999,2026-05-30T11:59:59.999000+00:00,658672.30101000,8901,1765472.90000000,371612.85835000
STGUSDT,1780142400000,2026-05-30T12:00:00+00:00,0.21380000,0.22920000,0.20220000,0.20680000,6381361.30000000,1780145999999,2026-05-30T12:59:59.999000+00:00,1387855.61352000,27435,3280760.60000000,712750.35775000
STGUSDT,1780146000000,2026-05-30T13:00:00+00:00,0.20640000,0.23200000,0.19800000,0.22090000,4185550.20000000,1780149599999,2026-05-30T13:59:59.999000+00:00,900421.92520000,12266,2175550.50000000,469078.89494000
STGUSDT,1780149600000,2026-05-30T14:00:00+00:00,0.22050000,0.23740000,0.21700000,0.23360000,3533506.10000000,1780153199999,2026-05-30T14:59:59.999000+00:00,813072.86306000,15654,1948151.50000000,448492.61882000
STGUSDT,1780153200000,2026-05-30T15:00:00+00:00,0.23400000,0.23660000,0.20680000,0.21600000,4798566.20000000,1780156799999,2026-05-30T15:59:59.999000+00:00,1041719.25435000,24657,2348870.10000000,509911.20409000
STGUSDT,1780156800000,2026-05-30T16:00:00+00:00,0.21640000,0.22670000,0.20910000,0.21790000,2548128.10000000,1780160399999,2026-05-30T16:59:59.999000+00:00,557616.55824000,10821,1301878.70000000,285092.50861000
STGUSDT,1780160400000,2026-05-30T17:00:00+00:00,0.21840000,0.22600000,0.21740000,0.22330000,1614555.30000000,1780163999999,2026-05-30T17:59:59.999000+00:00,358050.52710000,6485,826555.40000000,183401.78679000
STGUSDT,1780164000000,2026-05-30T18:00:00+00:00,0.22290000,0.23000000,0.21970000,0.22840000,1283184.40000000,1780167599999,2026-05-30T18:59:59.999000+00:00,289158.95373000,4457,727499.70000000,163951.58653000
STGUSDT,1780167600000,2026-05-30T19:00:00+00:00,0.22870000,0.22990000,0.21990000,0.22100000,1352416.10000000,1780171199999,2026-05-30T19:59:59.999000+00:00,302396.98959000,4436,695917.80000000,155745.00504000
STGUSDT,1780171200000,2026-05-30T20:00:00+00:00,0.22090000,0.23080000,0.22060000,0.23010000,1192520.20000000,1780174799999,2026-05-30T20:59:59.999000+00:00,269973.51282000,3980,629607.50000000,142582.68542000
STGUSDT,1780174800000,2026-05-30T21:00:00+00:00,0.23000000,0.23140000,0.22740000,0.22880000,769046.10000000,1780178399999,2026-05-30T21:59:59.999000+00:00,176495.96666000,2757,454162.60000000,104258.20177000
STGUSDT,1780178400000,2026-05-30T22:00:00+00:00,0.22840000,0.23620000,0.22680000,0.23330000,1114568.00000000,1780181999999,2026-05-30T22:59:59.999000+00:00,257332.00559000,3865,657963.00000000,152000.59073000
STGUSDT,1780182000000,2026-05-30T23:00:00+00:00,0.23360000,0.23590000,0.23010000,0.23280000,731134.10000000,1780185599999,2026-05-30T23:59:59.999000+00:00,170403.84636000,2925,404660.30000000,94361.35216000
STGUSDT,1780185600000,2026-05-31T00:00:00+00:00,0.23290000,0.25230000,0.23220000,0.24600000,1798724.30000000,1780189199999,2026-05-31T00:59:59.999000+00:00,435444.15774000,6047,976486.50000000,236268.96262000
STGUSDT,1780189200000,2026-05-31T01:00:00+00:00,0.24600000,0.25820000,0.24040000,0.24500000,2521673.40000000,1780192799999,2026-05-31T01:59:59.999000+00:00,631478.23934000,11600,1325062.40000000,332020.84774000
STGUSDT,1780192800000,2026-05-31T02:00:00+00:00,0.24520000,0.26300000,0.23800000,0.26150000,1785179.00000000,1780196399999,2026-05-31T02:59:59.999000+00:00,444931.99797000,7717,930401.00000000,232364.42041000
STGUSDT,1780196400000,2026-05-31T03:00:00+00:00,0.26140000,0.26470000,0.24210000,0.24450000,1845157.50000000,1780199999999,2026-05-31T03:59:59.999000+00:00,472410.55010000,10071,878395.30000000,224104.51037000
STGUSDT,1780200000000,2026-05-31T04:00:00+00:00,0.24420000,0.24530000,0.23270000,0.24010000,1628124.50000000,1780203599999,2026-05-31T04:59:59.999000+00:00,389608.58585000,7912,732658.40000000,175506.35596000
STGUSDT,1780203600000,2026-05-31T05:00:00+00:00,0.24000000,0.24260000,0.22470000,0.22720000,1359373.90000000,1780207199999,2026-05-31T05:59:59.999000+00:00,318584.92789000,7087,555427.10000000,130258.92913000
STGUSDT,1780207200000,2026-05-31T06:00:00+00:00,0.22720000,0.23630000,0.22530000,0.22930000,1181260.30000000,1780210799999,2026-05-31T06:59:59.999000+00:00,270705.28994000,5356,668831.30000000,153181.16927000
STGUSDT,1780210800000,2026-05-31T07:00:00+00:00,0.22940000,0.23180000,0.22230000,0.22820000,950154.40000000,1780214399999,2026-05-31T07:59:59.999000+00:00,216042.76844000,4066,494162.10000000,112320.71714000
STGUSDT,1780214400000,2026-05-31T08:00:00+00:00,0.22840000,0.23060000,0.22480000,0.22890000,565022.70000000,1780217999999,2026-05-31T08:59:59.999000+00:00,128778.91868000,3006,262569.20000000,59841.11858000
STGUSDT,1780218000000,2026-05-31T09:00:00+00:00,0.22890000,0.23290000,0.22780000,0.22780000,434564.80000000,1780221599999,2026-05-31T09:59:59.999000+00:00,100113.72813000,2057,180826.60000000,41690.93358000
STGUSDT,1780221600000,2026-05-31T10:00:00+00:00,0.22770000,0.24440000,0.22570000,0.24240000,1241927.00000000,1780225199999,2026-05-31T10:59:59.999000+00:00,293210.30457000,6066,737979.80000000,174410.75083000
STGUSDT,1780225200000,2026-05-31T11:00:00+00:00,0.24240000,0.25520000,0.24080000,0.25380000,1615417.60000000,1780228799999,2026-05-31T11:59:59.999000+00:00,399704.24592000,6511,936196.50000000,231992.54843000
STGUSDT,1780228800000,2026-05-31T12:00:00+00:00,0.25370000,0.27590000,0.25240000,0.27070000,3134924.10000000,1780232399999,2026-05-31T12:59:59.999000+00:00,831777.54868000,13000,1661814.90000000,441625.82365000
STGUSDT,1780232400000,2026-05-31T13:00:00+00:00,0.27060000,0.28470000,0.25710000,0.27390000,3068028.60000000,1780235999999,2026-05-31T13:59:59.999000+00:00,835253.70234000,17548,1679363.70000000,458180.20893000
STGUSDT,1780236000000,2026-05-31T14:00:00+00:00,0.27330000,0.28370000,0.26690000,0.27270000,1719017.70000000,1780239599999,2026-05-31T14:59:59.999000+00:00,473267.49799000,10430,871159.70000000,240133.58110000
STGUSDT,1780239600000,2026-05-31T15:00:00+00:00,0.27280000,0.29130000,0.26720000,0.27700000,2808002.90000000,1780243199999,2026-05-31T15:59:59.999000+00:00,790688.88432000,12467,1537502.50000000,433755.77547000
STGUSDT,1780243200000,2026-05-31T16:00:00+00:00,0.27690000,0.27690000,0.27080000,0.27230000,279850.90000000,1780246799999,2026-05-31T16:59:59.999000+00:00,76390.45637000,505,200100.20000000,54613.63001000
STGUSDT,1780246800000,2026-05-31T17:00:00+00:00,0.29430000,0.29440000,0.29250000,0.29330000,5866.90000000,1780250399999,2026-05-31T17:59:59.999000+00:00,1719.26873000,45,860.90000000,252.80572000
STGUSDT,1780250400000,2026-05-31T18:00:00+00:00,0.33590000,0.34250000,0.33520000,0.33640000,117978.50000000,1780253999999,2026-05-31T18:59:59.999000+00:00,39939.62009000,695,68601.00000000,23281.83344000
STGUSDT,1780254000000,2026-05-31T19:00:00+00:00,0.35500000,0.35800000,0.35450000,0.35650000,11372.50000000,1780257599999,2026-05-31T19:59:59.999000+00:00,4054.40999000,95,5972.40000000,2130.44421000
STGUSDT,1780257600000,2026-05-31T20:00:00+00:00,0.37600000,0.37600000,0.37060000,0.37220000,56033.20000000,1780261199999,2026-05-31T20:59:59.999000+00:00,20907.31748000,364,44640.50000000,16653.32367000
STGUSDT,1780261200000,2026-05-31T21:00:00+00:00,0.38660000,0.38900000,0.38660000,0.38900000,8277.90000000,1780264799999,2026-05-31T21:59:59.999000+00:00,3208.12337000,83,4555.30000000,1766.17458000
STGUSDT,1780264800000,2026-05-31T22:00:00+00:00,0.40740000,0.40880000,0.40550000,0.40800000,22332.10000000,1780268399999,2026-05-31T22:59:59.999000+00:00,9082.57594000,156,10426.90000000,4244.71237000
STGUSDT,1780268400000,2026-05-31T23:00:00+00:00,0.39460000,0.39570000,0.39280000,0.39520000,9024.60000000,1780271999999,2026-05-31T23:59:59.999000+00:00,3556.38178000,69,5530.10000000,2180.48682000
STGUSDT,1780272000000,2026-06-01T00:00:00+00:00,0.37950000,0.39020000,0.37550000,0.38180000,353524.00000000,1780275599999,2026-06-01T00:59:59.999000+00:00,135239.56086000,1966,218461.60000000,83574.13429000
STGUSDT,1780275600000,2026-06-01T01:00:00+00:00,0.35370000,0.36420000,0.32420000,0.32580000,3293793.70000000,1780279199999,2026-06-01T01:59:59.999000+00:00,1127419.80133000,16790,1673789.60000000,572690.14555000
STGUSDT,1780279200000,2026-06-01T02:00:00+00:00,0.32600000,0.35730000,0.32420000,0.35470000,2764819.10000000,1780282799999,2026-06-01T02:59:59.999000+00:00,948393.86090000,11169,1302478.70000000,446261.39325000
STGUSDT,1780282800000,2026-06-01T03:00:00+00:00,0.35420000,0.38240000,0.35080000,0.36980000,4057061.60000000,1780286399999,2026-06-01T03:59:59.999000+00:00,1499264.50300000,16755,2140529.60000000,791258.57955000
STGUSDT,1780286400000,2026-06-01T04:00:00+00:00,0.36960000,0.38670000,0.35200000,0.35560000,1923514.10000000,1780289999999,2026-06-01T04:59:59.999000+00:00,712866.26117000,8437,1033912.70000000,383300.65137000
STGUSDT,1780290000000,2026-06-01T05:00:00+00:00,0.35530000,0.35900000,0.33680000,0.34700000,1605570.80000000,1780293599999,2026-06-01T05:59:59.999000+00:00,557560.59271000,8044,793319.10000000,275431.23831000
STGUSDT,1780293600000,2026-06-01T06:00:00+00:00,0.34660000,0.35500000,0.33400000,0.34330000,1859961.90000000,1780297199999,2026-06-01T06:59:59.999000+00:00,640021.76732000,8695,1038401.70000000,357321.41416000
STGUSDT,1780297200000,2026-06-01T07:00:00+00:00,0.34300000,0.35280000,0.34210000,0.35140000,350650.50000000,1780300799999,2026-06-01T07:59:59.999000+00:00,122148.30425000,1805,202311.80000000,70568.87541000
STGUSDT,1780300800000,2026-06-01T08:00:00+00:00,0.31350000,0.31520000,0.31300000,0.31520000,21519.40000000,1780304399999,2026-06-01T08:59:59.999000+00:00,6753.34746000,101,10428.70000000,3272.14159000
STGUSDT,1780304400000,2026-06-01T09:00:00+00:00,0.30130000,0.30190000,0.29880000,0.29940000,33999.20000000,1780307999999,2026-06-01T09:59:59.999000+00:00,10215.16646000,130,9070.60000000,2733.60313000
STGUSDT,1780308000000,2026-06-01T10:00:00+00:00,0.29370000,0.29370000,0.29210000,0.29210000,1010.80000000,1780311599999,2026-06-01T10:59:59.999000+00:00,296.21256000,33,423.80000000,124.24923000
STGUSDT,1780311600000,2026-06-01T11:00:00+00:00,0.28510000,0.28630000,0.28490000,0.28490000,12401.50000000,1780315199999,2026-06-01T11:59:59.999000+00:00,3545.73717000,70,10574.80000000,3023.70410000
